{
    "CLI_version": "3.4.0",
    "args": {
        "address": {},
        "assert_contracts": null,
        "build_dir": null,
        "build_only": false,
        "bytecode_jsons": null,
        "bytecode_spec": null,
        "cache": "./properties/certora/TmpVars.sol-VaultCertora.sol-mock/MockCurvePool.sol:MockCurve-mock/MockERC20.sol-mock/MockERC20.sol:MockUST-mock/MockStrategySync.sol-optimisticTrue-iterNone",
        "check_args": false,
        "cloud": null,
        "coinbaseMode": false,
        "contract_to_file": {
            "MockCurve": "mock/MockCurvePool.sol",
            "MockERC20": "mock/MockERC20.sol",
            "MockStrategySync": "mock/MockStrategySync.sol",
            "MockUST": "mock/MockERC20.sol",
            "TmpVars": "properties/certora/TmpVars.sol",
            "VaultCertora": "VaultCertora.sol"
        },
        "contracts": [
            "TmpVars",
            "MockCurve",
            "VaultCertora",
            "MockStrategySync",
            "MockERC20",
            "MockUST"
        ],
        "debug": null,
        "debug_topics": false,
        "delay_fetch_output_seconds": null,
        "disableLocalTypeChecking": false,
        "disable_auto_cache_key_gen": false,
        "dynamic_bound": null,
        "dynamic_dispatch": false,
        "env": "production",
        "expected_file": "expected.json",
        "file_paths": [
            "mock/MockStrategySync.sol",
            "mock/MockCurvePool.sol",
            "mock/MockERC20.sol",
            "VaultCertora.sol",
            "properties/certora/TmpVars.sol"
        ],
        "file_to_contract": {
            "VaultCertora.sol": [
                "VaultCertora"
            ],
            "mock/MockCurvePool.sol": [
                "MockCurve"
            ],
            "mock/MockERC20.sol": [
                "MockERC20",
                "MockUST"
            ],
            "mock/MockStrategySync.sol": [
                "MockStrategySync"
            ],
            "properties/certora/TmpVars.sol": [
                "TmpVars"
            ]
        },
        "files": [
            "./properties/certora/TmpVars.sol",
            "VaultCertora.sol",
            "mock/MockCurvePool.sol:MockCurve",
            "mock/MockERC20.sol",
            "mock/MockERC20.sol:MockUST",
            "mock/MockStrategySync.sol"
        ],
        "get_conf": null,
        "include_empty_fallback": false,
        "internal_funcs": null,
        "jar": null,
        "java_args": null,
        "link": [
            "MockCurve:bridgeMCP=MockUST",
            "MockStrategySync:underlying=MockUST",
            "VaultCertora:bridge=MockCurve",
            "VaultCertora:bridgeSW=MockCurve",
            "VaultCertora:strategy=MockStrategySync",
            "VaultCertora:underlying=MockUST"
        ],
        "local": false,
        "log_branch": null,
        "log_query_frequency_seconds": null,
        "loop_iter": null,
        "max_attempts_to_fetch_output": null,
        "max_graph_depth": null,
        "max_poll_minutes": null,
        "method": null,
        "mode": "Mode.VERIFY",
        "msg": "Checking Vault",
        "multi_assert_check": false,
        "no_compare": false,
        "optimistic_loop": true,
        "optimize": null,
        "optimize_map": null,
        "packages": [
            "@chainlink=../node_modules/@chainlink",
            "@openzeppelin=../node_modules/@openzeppelin"
        ],
        "packages_path": "/Users/alexandremota/Desktop/LindyLabs/sc_solidity-contracts/contracts/node_modules",
        "path": "/Users/alexandremota/Desktop/LindyLabs/sc_solidity-contracts/contracts",
        "process": "emv",
        "prototype": null,
        "queue_wait_minutes": null,
        "rule": null,
        "rule_sanity": null,
        "send_only": false,
        "settings": [
            "-assumeUnwindCond",
            "-postProcessCounterExamples=true"
        ],
        "short_output": false,
        "skip_payable_envfree_check": false,
        "smt_timeout": null,
        "solc": "/Users/alexandremota/Desktop/LindyLabs/solc",
        "solc_args": null,
        "solc_map": null,
        "spec_files": [
            "./properties/certora/Valid_Deposit/Valid_Deposit_NoRevertSync.spec"
        ],
        "staging": null,
        "struct_link": null,
        "tool_output": null,
        "typecheck_only": false,
        "user_defined_cache": false,
        "verified_contract_files": [
            "VaultCertora.sol"
        ],
        "verify": [
            "VaultCertora:./properties/certora/Valid_Deposit/Valid_Deposit_NoRevertSync.spec"
        ]
    },
    "branch": "Formal-Verification",
    "conf": {
        "files": [
            "./properties/certora/TmpVars.sol",
            "VaultCertora.sol",
            "mock/MockCurvePool.sol:MockCurve",
            "mock/MockERC20.sol",
            "mock/MockERC20.sol:MockUST",
            "mock/MockStrategySync.sol"
        ],
        "link": [
            "MockCurve:bridgeMCP=MockUST",
            "MockStrategySync:underlying=MockUST",
            "VaultCertora:bridge=MockCurve",
            "VaultCertora:bridgeSW=MockCurve",
            "VaultCertora:strategy=MockStrategySync",
            "VaultCertora:underlying=MockUST"
        ],
        "msg": "Checking Vault",
        "optimistic_loop": true,
        "packages": [
            "@chainlink=../node_modules/@chainlink",
            "@openzeppelin=../node_modules/@openzeppelin"
        ],
        "process": "emv",
        "settings": [
            "-postProcessCounterExamples=true"
        ],
        "verify": [
            "VaultCertora:./properties/certora/Valid_Deposit/Valid_Deposit_NoRevertSync.spec"
        ]
    },
    "cwd_relative": "contracts",
    "dirty": true,
    "origin": "https://github.com/lindy-labs/sc_solidity-contracts",
    "raw_args": [
        "/Users/alexandremota/Library/Python/3.9/bin/certoraRun",
        "VaultCertora.sol",
        "./properties/certora/TmpVars.sol",
        "mock/MockStrategySync.sol",
        "mock/MockERC20.sol",
        "mock/MockERC20.sol:MockUST",
        "mock/MockCurvePool.sol:MockCurve",
        "--link",
        "VaultCertora:strategy=MockStrategySync",
        "VaultCertora:underlying=MockUST",
        "VaultCertora:bridge=MockCurve",
        "VaultCertora:bridgeSW=MockCurve",
        "MockStrategySync:underlying=MockUST",
        "MockCurve:bridgeMCP=MockUST",
        "--verify",
        "VaultCertora:./properties/certora/Valid_Deposit/Valid_Deposit_NoRevertSync.spec",
        "--settings",
        "-postProcessCounterExamples=true",
        "--optimistic_loop",
        "--packages",
        "@openzeppelin=../node_modules/@openzeppelin",
        "@chainlink=../node_modules/@chainlink",
        "--msg",
        "Checking Vault"
    ],
    "revision": "6c13f0d093004419c55af77bfe1aa8caa224e9d7",
    "timestamp": "1666281647.128075"
}